"","state","year","st","cfc","hcbs","bip","mcaid_exp","care","ltci","spouse_pay_mcaid","spouse_pay_st","first","start","rel_yr"
"1","AK",2000,1,0,0,0,0,0,0,0,0,NA,NA,NA
"2","AK",2001,1,0,0,0,0,0,0,0,0,NA,NA,NA
"3","AK",2002,1,0,0,0,0,0,0,0,0,NA,NA,NA
"4","AK",2003,1,0,0,0,0,0,0,0,0,NA,NA,NA
"5","AK",2004,1,0,0,0,0,0,0,0,0,NA,NA,NA
"6","AK",2005,1,0,0,0,0,0,0,0,0,NA,NA,NA
"7","AK",2006,1,0,0,0,0,0,0,0,0,NA,NA,NA
"8","AK",2007,1,0,0,0,0,0,0,0,0,NA,NA,NA
"9","AK",2008,1,0,0,0,0,0,0,0,0,NA,NA,NA
"10","AK",2009,1,0,0,0,0,0,0,0,0,NA,NA,NA
"11","AK",2010,1,0,0,0,0,0,0,0,0,NA,NA,NA
"12","AK",2011,1,0,0,0,0,0,0,0,0,NA,NA,NA
"13","AK",2012,1,0,0,0,0,0,0,0,0,NA,NA,NA
"14","AK",2013,1,0,0,0,0,0,0,0,0,NA,NA,NA
"15","AK",2014,1,0,0,0,0,0,0,0,0,NA,NA,NA
"16","AK",2015,1,0,0,0,1,0,0,0,0,NA,NA,NA
"17","AK",2016,1,0,0,0,1,0,0,0,0,NA,NA,NA
"18","AK",2017,1,0,0,0,1,1,0,0,0,NA,NA,NA
"19","AK",2018,1,0,0,0,1,1,0,0,0,NA,NA,NA
"20","AL",2000,2,0,0,0,0,0,1,NA,0,NA,NA,NA
"21","AL",2001,2,0,0,0,0,0,1,NA,0,NA,NA,NA
"22","AL",2002,2,0,0,0,0,0,1,NA,0,NA,NA,NA
"23","AL",2003,2,0,0,0,0,0,1,NA,0,NA,NA,NA
"24","AL",2004,2,0,0,0,0,0,1,NA,0,NA,NA,NA
"25","AL",2005,2,0,0,0,0,0,1,NA,0,NA,NA,NA
"26","AL",2006,2,0,0,0,0,0,1,NA,0,NA,NA,NA
"27","AL",2007,2,0,0,0,0,0,1,NA,0,NA,NA,NA
"28","AL",2008,2,0,0,0,0,0,1,NA,0,NA,NA,NA
"29","AL",2009,2,0,0,0,0,0,1,NA,0,NA,NA,NA
"30","AL",2010,2,0,0,0,0,0,1,NA,0,NA,NA,NA
"31","AL",2011,2,0,0,0,0,0,1,NA,0,NA,NA,NA
"32","AL",2012,2,0,0,0,0,0,1,NA,0,NA,NA,NA
"33","AL",2013,2,0,0,0,0,0,1,NA,0,NA,NA,NA
"34","AL",2014,2,0,0,0,0,0,1,NA,0,NA,NA,NA
"35","AL",2015,2,0,0,0,0,0,1,NA,0,NA,NA,NA
"36","AL",2016,2,0,0,0,0,0,1,NA,0,NA,NA,NA
"37","AL",2017,2,0,0,0,0,0,1,NA,0,NA,NA,NA
"38","AL",2018,2,0,0,0,0,0,1,NA,0,NA,NA,NA
"39","AR",2000,3,0,0,0,0,0,0,0,0,NA,NA,NA
"40","AR",2001,3,0,0,0,0,0,0,0,0,NA,NA,NA
"41","AR",2002,3,0,0,0,0,0,0,0,0,NA,NA,NA
"42","AR",2003,3,0,0,0,0,0,0,0,0,NA,NA,NA
"43","AR",2004,3,0,0,0,0,0,0,0,0,NA,NA,NA
"44","AR",2005,3,0,0,0,0,0,0,0,0,NA,NA,NA
"45","AR",2006,3,0,0,0,0,0,0,0,0,NA,NA,NA
"46","AR",2007,3,0,0,0,0,0,0,0,0,NA,NA,NA
"47","AR",2008,3,0,0,0,0,0,0,0,0,NA,NA,NA
"48","AR",2009,3,0,0,0,0,0,0,0,0,NA,NA,NA
"49","AR",2010,3,0,0,0,0,0,0,0,0,NA,NA,NA
"50","AR",2011,3,0,0,0,0,0,0,0,0,NA,NA,NA
"51","AR",2012,3,0,0,0,0,0,0,0,0,NA,NA,NA
"52","AR",2013,3,0,0,1,0,0,0,0,0,NA,NA,NA
"53","AR",2014,3,0,0,0,1,0,0,0,0,NA,NA,NA
"54","AR",2015,3,0,0,0,1,1,0,0,0,NA,NA,NA
"55","AR",2016,3,0,0,0,1,1,0,0,0,NA,NA,NA
"56","AR",2017,3,0,0,0,1,1,0,0,0,NA,NA,NA
"57","AR",2018,3,0,0,0,1,1,0,0,0,NA,NA,NA
"58","AZ",2000,4,0,0,0,0,0,0,0,0,NA,2008,-8
"59","AZ",2001,4,0,0,0,0,0,0,0,0,NA,2008,-7
"60","AZ",2002,4,0,0,0,0,0,0,0,0,NA,2008,-6
"61","AZ",2003,4,0,0,0,0,0,0,0,0,NA,2008,-5
"62","AZ",2004,4,0,0,0,0,0,0,0,0,NA,2008,-4
"63","AZ",2005,4,0,0,0,0,0,0,0,0,NA,2008,-3
"64","AZ",2006,4,0,0,0,0,0,0,0,0,NA,2008,-2
"65","AZ",2007,4,0,0,0,0,0,0,0,0,NA,2008,-1
"66","AZ",2008,4,0,0,0,0,0,0,1,0,2008,2008,0
"67","AZ",2009,4,0,0,0,0,0,0,1,0,NA,2008,1
"68","AZ",2010,4,0,0,0,0,0,0,1,0,NA,2008,2
"69","AZ",2011,4,0,0,0,0,0,0,1,0,NA,2008,3
"70","AZ",2012,4,0,0,0,0,0,0,1,0,NA,2008,4
"71","AZ",2013,4,0,0,0,0,0,0,1,0,NA,2008,5
"72","AZ",2014,4,0,0,0,1,0,0,1,0,NA,2008,6
"73","AZ",2015,4,0,0,0,1,0,0,1,0,NA,2008,7
"74","AZ",2016,4,0,0,0,1,0,0,1,0,NA,2008,8
"75","AZ",2017,4,0,0,0,1,0,0,1,0,NA,2008,9
"76","AZ",2018,4,0,0,0,1,0,0,1,0,NA,2008,10
"77","CA",2000,5,0,0,0,0,0,0,0,0,NA,2005,-5
"78","CA",2001,5,0,0,0,0,0,0,0,0,NA,2005,-4
"79","CA",2002,5,0,0,0,0,0,0,0,0,NA,2005,-3
"80","CA",2003,5,0,0,0,0,0,0,0,0,NA,2005,-2
"81","CA",2004,5,0,0,0,0,0,0,0,0,NA,2005,-1
"82","CA",2005,5,0,0,0,0,0,0,1,0,2005,2005,0
"83","CA",2006,5,0,0,0,0,0,0,1,0,NA,2005,1
"84","CA",2007,5,0,0,0,0,0,0,1,0,NA,2005,2
"85","CA",2008,5,0,0,0,0,0,0,1,0,NA,2005,3
"86","CA",2009,5,0,0,0,0,0,0,1,0,NA,2005,4
"87","CA",2010,5,0,0,0,1,0,0,1,0,NA,2005,5
"88","CA",2011,5,0,0,0,1,0,0,1,0,NA,2005,6
"89","CA",2012,5,1,1,0,1,0,0,1,0,NA,2005,7
"90","CA",2013,5,1,1,0,1,0,0,1,0,NA,2005,8
"91","CA",2014,5,1,1,0,1,0,0,1,0,NA,2005,9
"92","CA",2015,5,1,1,0,1,0,0,1,0,NA,2005,10
"93","CA",2016,5,1,1,0,1,1,0,1,0,NA,2005,11
"94","CA",2017,5,1,1,0,1,1,0,1,0,NA,2005,12
"95","CA",2018,5,1,1,0,1,1,0,1,0,NA,2005,13
"96","CO",2000,6,0,0,0,0,0,1,0,0,NA,2015,-15
"97","CO",2001,6,0,0,0,0,0,1,0,0,NA,2015,-14
"98","CO",2002,6,0,0,0,0,0,1,0,0,NA,2015,-13
"99","CO",2003,6,0,0,0,0,0,1,0,0,NA,2015,-12
"100","CO",2004,6,0,0,0,0,0,1,0,0,NA,2015,-11
"101","CO",2005,6,0,0,0,0,0,1,0,0,NA,2015,-10
"102","CO",2006,6,0,0,0,0,0,1,0,0,NA,2015,-9
"103","CO",2007,6,0,0,0,0,0,1,0,0,NA,2015,-8
"104","CO",2008,6,0,0,0,0,0,1,0,0,NA,2015,-7
"105","CO",2009,6,0,0,0,0,0,1,0,0,NA,2015,-6
"106","CO",2010,6,0,0,0,0,0,1,0,0,NA,2015,-5
"107","CO",2011,6,0,0,0,0,0,1,0,0,NA,2015,-4
"108","CO",2012,6,0,1,0,0,0,1,0,0,NA,2015,-3
"109","CO",2013,6,0,1,0,0,0,1,0,0,NA,2015,-2
"110","CO",2014,6,0,1,0,1,0,1,0,0,NA,2015,-1
"111","CO",2015,6,0,1,0,1,1,1,1,0,2015,2015,0
"112","CO",2016,6,0,1,0,1,1,1,1,0,NA,2015,1
"113","CO",2017,6,0,1,0,1,1,1,1,0,NA,2015,2
"114","CO",2018,6,0,1,0,1,1,1,1,0,NA,2015,3
"115","CT",2000,7,0,0,0,0,0,0,0,0,NA,NA,NA
"116","CT",2001,7,0,0,0,0,0,0,0,0,NA,NA,NA
"117","CT",2002,7,0,0,0,0,0,0,0,0,NA,NA,NA
"118","CT",2003,7,0,0,0,0,0,0,0,0,NA,NA,NA
"119","CT",2004,7,0,0,0,0,0,0,0,0,NA,NA,NA
"120","CT",2005,7,0,0,0,0,0,0,0,0,NA,NA,NA
"121","CT",2006,7,0,0,0,0,0,0,0,0,NA,NA,NA
"122","CT",2007,7,0,0,0,0,0,0,0,0,NA,NA,NA
"123","CT",2008,7,0,0,0,0,0,0,0,0,NA,NA,NA
"124","CT",2009,7,0,0,0,0,0,0,0,0,NA,NA,NA
"125","CT",2010,7,0,0,0,0,0,0,0,0,NA,NA,NA
"126","CT",2011,7,0,0,0,0,0,0,0,0,NA,NA,NA
"127","CT",2012,7,0,1,0,0,0,0,0,0,NA,NA,NA
"128","CT",2013,7,0,1,1,0,0,0,0,0,NA,NA,NA
"129","CT",2014,7,0,1,1,0,0,0,0,0,NA,NA,NA
"130","CT",2015,7,1,1,1,0,1,0,0,0,NA,NA,NA
"131","CT",2016,7,1,1,0,0,1,0,0,0,NA,NA,NA
"132","CT",2017,7,1,1,0,0,1,0,0,0,NA,NA,NA
"133","CT",2018,7,1,1,0,0,1,0,0,0,NA,NA,NA
"134","DC",2000,8,0,0,0,0,0,0,0,0,NA,NA,NA
"135","DC",2001,8,0,0,0,0,0,0,0,0,NA,NA,NA
"136","DC",2002,8,0,0,0,0,0,0,0,0,NA,NA,NA
"137","DC",2003,8,0,0,0,0,0,0,0,0,NA,NA,NA
"138","DC",2004,8,0,0,0,0,0,0,0,0,NA,NA,NA
"139","DC",2005,8,0,0,0,0,0,1,0,0,NA,NA,NA
"140","DC",2006,8,0,0,0,0,0,1,0,0,NA,NA,NA
"141","DC",2007,8,0,0,0,0,0,1,0,0,NA,NA,NA
"142","DC",2008,8,0,0,0,0,0,1,0,0,NA,NA,NA
"143","DC",2009,8,0,0,0,0,0,1,0,0,NA,NA,NA
"144","DC",2010,8,0,0,0,0,0,1,0,0,NA,NA,NA
"145","DC",2011,8,0,0,0,1,0,1,0,0,NA,NA,NA
"146","DC",2012,8,0,0,0,1,0,1,0,0,NA,NA,NA
"147","DC",2013,8,0,0,0,1,0,1,0,0,NA,NA,NA
"148","DC",2014,8,0,0,0,1,0,1,0,0,NA,NA,NA
"149","DC",2015,8,0,0,0,1,0,1,0,0,NA,NA,NA
"150","DC",2016,8,0,0,0,1,1,1,0,0,NA,NA,NA
"151","DC",2017,8,0,0,0,1,1,1,0,0,NA,NA,NA
"152","DC",2018,8,0,0,0,1,1,1,0,0,NA,NA,NA
"153","DE",2000,9,0,0,0,0,0,0,0,0,NA,2011,-11
"154","DE",2001,9,0,0,0,0,0,0,0,0,NA,2011,-10
"155","DE",2002,9,0,0,0,0,0,0,0,0,NA,2011,-9
"156","DE",2003,9,0,0,0,0,0,0,0,0,NA,2011,-8
"157","DE",2004,9,0,0,0,0,0,0,0,0,NA,2011,-7
"158","DE",2005,9,0,0,0,0,0,0,0,0,NA,2011,-6
"159","DE",2006,9,0,0,0,0,0,0,0,0,NA,2011,-5
"160","DE",2007,9,0,0,0,0,0,0,0,0,NA,2011,-4
"161","DE",2008,9,0,0,0,0,0,0,0,0,NA,2011,-3
"162","DE",2009,9,0,0,0,0,0,0,0,0,NA,2011,-2
"163","DE",2010,9,0,0,0,0,0,0,0,0,NA,2011,-1
"164","DE",2011,9,0,0,0,0,0,0,1,0,2011,2011,0
"165","DE",2012,9,0,0,0,0,0,0,0,0,NA,2011,1
"166","DE",2013,9,0,1,0,0,0,0,0,0,NA,2011,2
"167","DE",2014,9,0,1,0,1,0,0,0,0,NA,2011,3
"168","DE",2015,9,0,1,0,1,0,0,0,0,NA,2011,4
"169","DE",2016,9,0,1,0,1,0,0,0,0,NA,2011,5
"170","DE",2017,9,0,1,0,1,1,0,0,0,NA,2011,6
"171","DE",2018,9,0,1,0,1,1,0,0,0,NA,2011,7
"172","FL",2000,10,0,0,0,0,0,0,0,0,NA,2014,-14
"173","FL",2001,10,0,0,0,0,0,0,0,0,NA,2014,-13
"174","FL",2002,10,0,0,0,0,0,0,0,0,NA,2014,-12
"175","FL",2003,10,0,0,0,0,0,0,0,0,NA,2014,-11
"176","FL",2004,10,0,0,0,0,0,0,0,0,NA,2014,-10
"177","FL",2005,10,0,0,0,0,0,0,0,0,NA,2014,-9
"178","FL",2006,10,0,0,0,0,0,0,0,0,NA,2014,-8
"179","FL",2007,10,0,0,0,0,0,0,0,0,NA,2014,-7
"180","FL",2008,10,0,0,0,0,0,0,0,0,NA,2014,-6
"181","FL",2009,10,0,0,0,0,0,0,0,0,NA,2014,-5
"182","FL",2010,10,0,0,0,0,0,0,0,0,NA,2014,-4
"183","FL",2011,10,0,0,0,0,0,0,0,0,NA,2014,-3
"184","FL",2012,10,0,0,0,0,0,0,0,0,NA,2014,-2
"185","FL",2013,10,0,0,0,0,0,0,0,0,NA,2014,-1
"186","FL",2014,10,0,0,0,0,0,0,1,0,2014,2014,0
"187","FL",2015,10,0,0,0,0,0,0,1,0,NA,2014,1
"188","FL",2016,10,0,0,0,0,0,0,1,0,NA,2014,2
"189","FL",2017,10,0,0,0,0,0,0,1,0,NA,2014,3
"190","FL",2018,10,0,0,0,0,0,0,1,0,NA,2014,4
"191","GA",2000,11,0,0,0,0,0,0,0,0,NA,NA,NA
"192","GA",2001,11,0,0,0,0,0,0,0,0,NA,NA,NA
"193","GA",2002,11,0,0,0,0,0,0,0,0,NA,NA,NA
"194","GA",2003,11,0,0,0,0,0,0,0,0,NA,NA,NA
"195","GA",2004,11,0,0,0,0,0,0,0,0,NA,NA,NA
"196","GA",2005,11,0,0,0,0,0,0,0,0,NA,NA,NA
"197","GA",2006,11,0,0,0,0,0,0,0,0,NA,NA,NA
"198","GA",2007,11,0,0,0,0,0,0,0,0,NA,NA,NA
"199","GA",2008,11,0,0,0,0,0,0,0,0,NA,NA,NA
"200","GA",2009,11,0,0,0,0,0,0,0,0,NA,NA,NA
"201","GA",2010,11,0,0,0,0,0,0,0,0,NA,NA,NA
"202","GA",2011,11,0,0,0,0,0,0,0,0,NA,NA,NA
"203","GA",2012,11,0,0,0,0,0,0,0,0,NA,NA,NA
"204","GA",2013,11,0,0,1,0,0,0,0,0,NA,NA,NA
"205","GA",2014,11,0,0,1,0,0,0,0,0,NA,NA,NA
"206","GA",2015,11,0,0,1,0,0,0,0,0,NA,NA,NA
"207","GA",2016,11,0,0,0,0,0,0,0,0,NA,NA,NA
"208","GA",2017,11,0,0,0,0,0,0,0,0,NA,NA,NA
"209","GA",2018,11,0,0,0,0,0,0,0,0,NA,NA,NA
"210","HI",2000,12,0,0,0,0,0,0,0,0,NA,NA,NA
"211","HI",2001,12,0,0,0,0,0,0,0,0,NA,NA,NA
"212","HI",2002,12,0,0,0,0,0,0,0,0,NA,NA,NA
"213","HI",2003,12,0,0,0,0,0,0,0,0,NA,NA,NA
"214","HI",2004,12,0,0,0,0,0,0,0,0,NA,NA,NA
"215","HI",2005,12,0,0,0,0,0,0,0,0,NA,NA,NA
"216","HI",2006,12,0,0,0,0,0,0,0,0,NA,NA,NA
"217","HI",2007,12,0,0,0,0,0,0,0,0,NA,NA,NA
"218","HI",2008,12,0,0,0,0,0,0,0,0,NA,NA,NA
"219","HI",2009,12,0,0,0,0,0,0,0,0,NA,NA,NA
"220","HI",2010,12,0,0,0,0,0,0,0,0,NA,NA,NA
"221","HI",2011,12,0,0,0,0,0,0,0,0,NA,NA,NA
"222","HI",2012,12,0,0,0,0,0,0,0,0,NA,NA,NA
"223","HI",2013,12,0,0,0,0,0,0,0,0,NA,NA,NA
"224","HI",2014,12,0,0,0,1,0,0,0,0,NA,NA,NA
"225","HI",2015,12,0,0,0,1,0,0,0,0,NA,NA,NA
"226","HI",2016,12,0,0,0,1,0,0,0,0,NA,NA,NA
"227","HI",2017,12,0,0,0,1,1,0,0,0,NA,NA,NA
"228","HI",2018,12,0,0,0,1,1,0,0,0,NA,NA,NA
"229","IA",2000,13,0,0,0,0,0,1,NA,0,NA,NA,NA
"230","IA",2001,13,0,0,0,0,0,1,NA,0,NA,NA,NA
"231","IA",2002,13,0,0,0,0,0,1,NA,0,NA,NA,NA
"232","IA",2003,13,0,0,0,0,0,1,NA,0,NA,NA,NA
"233","IA",2004,13,0,0,0,0,0,1,NA,0,NA,NA,NA
"234","IA",2005,13,0,0,0,0,0,1,NA,0,NA,NA,NA
"235","IA",2006,13,0,0,0,0,0,1,NA,0,NA,NA,NA
"236","IA",2007,13,0,0,0,0,0,1,NA,0,NA,NA,NA
"237","IA",2008,13,0,0,0,0,0,1,NA,0,NA,NA,NA
"238","IA",2009,13,0,0,0,0,0,1,NA,0,NA,NA,NA
"239","IA",2010,13,0,0,0,0,0,1,NA,0,NA,NA,NA
"240","IA",2011,13,0,0,0,0,0,1,NA,0,NA,NA,NA
"241","IA",2012,13,0,1,0,0,0,1,NA,0,NA,NA,NA
"242","IA",2013,13,0,1,1,0,0,1,NA,0,NA,NA,NA
"243","IA",2014,13,0,1,0,1,0,1,NA,0,NA,NA,NA
"244","IA",2015,13,0,1,0,1,0,1,NA,0,NA,NA,NA
"245","IA",2016,13,0,1,0,1,0,1,NA,0,NA,NA,NA
"246","IA",2017,13,0,1,0,1,0,1,NA,0,NA,NA,NA
"247","IA",2018,13,0,1,0,1,0,1,NA,0,NA,NA,NA
"248","ID",2000,14,0,0,0,0,0,0,0,0,NA,NA,NA
"249","ID",2001,14,0,0,0,0,0,1,0,0,NA,NA,NA
"250","ID",2002,14,0,0,0,0,0,1,0,0,NA,NA,NA
"251","ID",2003,14,0,0,0,0,0,1,0,0,NA,NA,NA
"252","ID",2004,14,0,0,0,0,0,1,0,0,NA,NA,NA
"253","ID",2005,14,0,0,0,0,0,1,0,0,NA,NA,NA
"254","ID",2006,14,0,0,0,0,0,1,0,0,NA,NA,NA
"255","ID",2007,14,0,0,0,0,0,1,0,0,NA,NA,NA
"256","ID",2008,14,0,0,0,0,0,1,0,0,NA,NA,NA
"257","ID",2009,14,0,0,0,0,0,1,0,0,NA,NA,NA
"258","ID",2010,14,0,0,0,0,0,1,0,0,NA,NA,NA
"259","ID",2011,14,0,0,0,0,0,1,0,0,NA,NA,NA
"260","ID",2012,14,0,1,0,0,0,1,0,0,NA,NA,NA
"261","ID",2013,14,0,1,0,0,0,1,0,0,NA,NA,NA
"262","ID",2014,14,0,1,0,0,0,1,0,0,NA,NA,NA
"263","ID",2015,14,0,1,0,0,0,1,0,0,NA,NA,NA
"264","ID",2016,14,0,1,0,0,0,1,0,0,NA,NA,NA
"265","ID",2017,14,0,1,0,0,0,1,0,0,NA,NA,NA
"266","ID",2018,14,0,1,0,0,0,1,0,0,NA,NA,NA
"267","IL",2000,15,0,0,0,0,0,0,0,0,NA,NA,NA
"268","IL",2001,15,0,0,0,0,0,0,0,0,NA,NA,NA
"269","IL",2002,15,0,0,0,0,0,0,0,0,NA,NA,NA
"270","IL",2003,15,0,0,0,0,0,0,0,0,NA,NA,NA
"271","IL",2004,15,0,0,0,0,0,0,0,0,NA,NA,NA
"272","IL",2005,15,0,0,0,0,0,0,0,0,NA,NA,NA
"273","IL",2006,15,0,0,0,0,0,0,0,0,NA,NA,NA
"274","IL",2007,15,0,0,0,0,0,0,0,0,NA,NA,NA
"275","IL",2008,15,0,0,0,0,0,0,0,0,NA,NA,NA
"276","IL",2009,15,0,0,0,0,0,0,0,0,NA,NA,NA
"277","IL",2010,15,0,0,0,0,0,0,0,0,NA,NA,NA
"278","IL",2011,15,0,0,0,0,0,0,0,0,NA,NA,NA
"279","IL",2012,15,0,0,0,0,0,0,0,0,NA,NA,NA
"280","IL",2013,15,0,0,1,0,0,0,0,0,NA,NA,NA
"281","IL",2014,15,0,0,1,1,0,0,0,0,NA,NA,NA
"282","IL",2015,15,0,0,1,1,0,0,0,0,NA,NA,NA
"283","IL",2016,15,0,0,0,1,1,0,0,0,NA,NA,NA
"284","IL",2017,15,0,0,0,1,1,0,0,0,NA,NA,NA
"285","IL",2018,15,0,0,0,1,1,0,0,0,NA,NA,NA
"286","IN",2000,16,0,0,0,0,0,1,0,0,NA,NA,NA
"287","IN",2001,16,0,0,0,0,0,1,0,0,NA,NA,NA
"288","IN",2002,16,0,0,0,0,0,1,0,0,NA,NA,NA
"289","IN",2003,16,0,0,0,0,0,1,0,0,NA,NA,NA
"290","IN",2004,16,0,0,0,0,0,1,0,0,NA,NA,NA
"291","IN",2005,16,0,0,0,0,0,1,0,0,NA,NA,NA
"292","IN",2006,16,0,0,0,0,0,1,0,0,NA,NA,NA
"293","IN",2007,16,0,0,0,0,0,1,0,0,NA,NA,NA
"294","IN",2008,16,0,0,0,0,0,1,0,0,NA,NA,NA
"295","IN",2009,16,0,0,0,0,0,1,0,0,NA,NA,NA
"296","IN",2010,16,0,0,0,0,0,1,0,0,NA,NA,NA
"297","IN",2011,16,0,0,0,0,0,1,0,0,NA,NA,NA
"298","IN",2012,16,0,0,0,0,0,1,0,0,NA,NA,NA
"299","IN",2013,16,0,0,1,0,0,1,0,0,NA,NA,NA
"300","IN",2014,16,0,1,0,0,0,1,0,0,NA,NA,NA
"301","IN",2015,16,0,1,0,1,0,1,0,0,NA,NA,NA
"302","IN",2016,16,0,1,0,1,1,1,0,0,NA,NA,NA
"303","IN",2017,16,0,1,0,1,1,1,0,0,NA,NA,NA
"304","IN",2018,16,0,1,0,1,1,1,0,0,NA,NA,NA
"305","KS",2000,17,0,0,0,0,0,0,NA,0,NA,NA,NA
"306","KS",2001,17,0,0,0,0,0,0,NA,0,NA,NA,NA
"307","KS",2002,17,0,0,0,0,0,0,NA,0,NA,NA,NA
"308","KS",2003,17,0,0,0,0,0,0,NA,0,NA,NA,NA
"309","KS",2004,17,0,0,0,0,0,0,NA,0,NA,NA,NA
"310","KS",2005,17,0,0,0,0,0,1,NA,0,NA,NA,NA
"311","KS",2006,17,0,0,0,0,0,1,NA,0,NA,NA,NA
"312","KS",2007,17,0,0,0,0,0,1,NA,0,NA,NA,NA
"313","KS",2008,17,0,0,0,0,0,1,NA,0,NA,NA,NA
"314","KS",2009,17,0,0,0,0,0,1,NA,0,NA,NA,NA
"315","KS",2010,17,0,0,0,0,0,1,NA,0,NA,NA,NA
"316","KS",2011,17,0,0,0,0,0,1,NA,0,NA,NA,NA
"317","KS",2012,17,0,0,0,0,0,1,NA,0,NA,NA,NA
"318","KS",2013,17,0,0,0,0,0,1,NA,0,NA,NA,NA
"319","KS",2014,17,0,0,0,0,0,1,NA,0,NA,NA,NA
"320","KS",2015,17,0,0,0,0,0,1,NA,0,NA,NA,NA
"321","KS",2016,17,0,0,0,0,0,1,NA,0,NA,NA,NA
"322","KS",2017,17,0,0,0,0,0,1,NA,0,NA,NA,NA
"323","KS",2018,17,0,0,0,0,1,1,NA,0,NA,NA,NA
"324","KY",2000,18,0,0,0,0,0,1,NA,0,NA,NA,NA
"325","KY",2001,18,0,0,0,0,0,1,NA,0,NA,NA,NA
"326","KY",2002,18,0,0,0,0,0,1,NA,0,NA,NA,NA
"327","KY",2003,18,0,0,0,0,0,1,NA,0,NA,NA,NA
"328","KY",2004,18,0,0,0,0,0,1,NA,0,NA,NA,NA
"329","KY",2005,18,0,0,0,0,0,1,NA,0,NA,NA,NA
"330","KY",2006,18,0,0,0,0,0,1,NA,0,NA,NA,NA
"331","KY",2007,18,0,0,0,0,0,1,NA,0,NA,NA,NA
"332","KY",2008,18,0,0,0,0,0,1,NA,0,NA,NA,NA
"333","KY",2009,18,0,0,0,0,0,1,NA,0,NA,NA,NA
"334","KY",2010,18,0,0,0,0,0,1,NA,0,NA,NA,NA
"335","KY",2011,18,0,0,0,0,0,1,NA,0,NA,NA,NA
"336","KY",2012,18,0,0,0,0,0,1,NA,0,NA,NA,NA
"337","KY",2013,18,0,0,1,0,0,1,NA,0,NA,NA,NA
"338","KY",2014,18,0,0,0,1,0,1,NA,0,NA,NA,NA
"339","KY",2015,18,0,0,0,1,0,1,NA,0,NA,NA,NA
"340","KY",2016,18,0,0,0,1,0,1,NA,0,NA,NA,NA
"341","KY",2017,18,0,0,0,1,1,1,NA,0,NA,NA,NA
"342","KY",2018,18,0,0,0,1,1,1,NA,0,NA,NA,NA
"343","LA",2000,19,0,0,0,0,0,0,0,0,NA,NA,NA
"344","LA",2001,19,0,0,0,0,0,0,0,0,NA,NA,NA
"345","LA",2002,19,0,0,0,0,0,0,0,0,NA,NA,NA
"346","LA",2003,19,0,0,0,0,0,0,0,0,NA,NA,NA
"347","LA",2004,19,0,0,0,0,0,0,0,0,NA,NA,NA
"348","LA",2005,19,0,0,0,0,0,0,0,0,NA,NA,NA
"349","LA",2006,19,0,0,0,0,0,0,0,0,NA,NA,NA
"350","LA",2007,19,0,0,0,0,0,0,0,0,NA,NA,NA
"351","LA",2008,19,0,0,0,0,0,0,0,0,NA,NA,NA
"352","LA",2009,19,0,0,0,0,0,0,0,0,NA,NA,NA
"353","LA",2010,19,0,0,0,0,0,0,0,0,NA,NA,NA
"354","LA",2011,19,0,0,0,0,0,0,0,0,NA,NA,NA
"355","LA",2012,19,0,1,0,0,0,0,0,0,NA,NA,NA
"356","LA",2013,19,0,1,1,0,0,0,0,0,NA,NA,NA
"357","LA",2014,19,0,1,0,0,0,0,0,0,NA,NA,NA
"358","LA",2015,19,0,1,0,0,0,0,0,0,NA,NA,NA
"359","LA",2016,19,0,1,0,1,1,0,0,0,NA,NA,NA
"360","LA",2017,19,0,1,0,1,1,0,0,0,NA,NA,NA
"361","LA",2018,19,0,1,0,1,1,0,0,0,NA,NA,NA
"362","MA",2000,20,0,0,0,0,0,0,0,0,NA,NA,NA
"363","MA",2001,20,0,0,0,0,0,0,0,0,NA,NA,NA
"364","MA",2002,20,0,0,0,0,0,0,0,0,NA,NA,NA
"365","MA",2003,20,0,0,0,0,0,0,0,0,NA,NA,NA
"366","MA",2004,20,0,0,0,0,0,0,0,0,NA,NA,NA
"367","MA",2005,20,0,0,0,0,0,0,0,0,NA,NA,NA
"368","MA",2006,20,0,0,0,0,0,0,0,0,NA,NA,NA
"369","MA",2007,20,0,0,0,0,0,0,0,0,NA,NA,NA
"370","MA",2008,20,0,0,0,0,0,0,0,0,NA,NA,NA
"371","MA",2009,20,0,0,0,0,0,0,0,0,NA,NA,NA
"372","MA",2010,20,0,0,0,0,0,0,0,0,NA,NA,NA
"373","MA",2011,20,0,0,0,0,0,0,0,0,NA,NA,NA
"374","MA",2012,20,0,0,0,0,0,0,0,0,NA,NA,NA
"375","MA",2013,20,0,0,1,0,0,0,0,0,NA,NA,NA
"376","MA",2014,20,0,0,1,1,0,0,0,0,NA,NA,NA
"377","MA",2015,20,0,0,1,1,0,0,0,0,NA,NA,NA
"378","MA",2016,20,0,0,0,1,0,0,0,0,NA,NA,NA
"379","MA",2017,20,0,0,0,1,1,0,0,0,NA,NA,NA
"380","MA",2018,20,0,0,0,1,1,0,0,0,NA,NA,NA
"381","MD",2000,21,0,0,0,0,0,1,0,0,NA,NA,NA
"382","MD",2001,21,0,0,0,0,0,1,0,0,NA,NA,NA
"383","MD",2002,21,0,0,0,0,0,1,0,0,NA,NA,NA
"384","MD",2003,21,0,0,0,0,0,1,0,0,NA,NA,NA
"385","MD",2004,21,0,0,0,0,0,1,0,0,NA,NA,NA
"386","MD",2005,21,0,0,0,0,0,1,0,0,NA,NA,NA
"387","MD",2006,21,0,0,0,0,0,1,0,0,NA,NA,NA
"388","MD",2007,21,0,0,0,0,0,1,0,0,NA,NA,NA
"389","MD",2008,21,0,0,0,0,0,1,0,0,NA,NA,NA
"390","MD",2009,21,0,0,0,0,0,1,0,0,NA,NA,NA
"391","MD",2010,21,0,0,0,0,0,1,0,0,NA,NA,NA
"392","MD",2011,21,0,0,0,0,0,1,0,0,NA,NA,NA
"393","MD",2012,21,0,0,0,0,0,1,0,0,NA,NA,NA
"394","MD",2013,21,0,1,1,0,0,1,0,0,NA,NA,NA
"395","MD",2014,21,1,1,1,1,0,1,0,0,NA,NA,NA
"396","MD",2015,21,1,1,1,1,0,1,0,0,NA,NA,NA
"397","MD",2016,21,1,1,0,1,1,1,0,0,NA,NA,NA
"398","MD",2017,21,1,1,0,1,1,1,0,0,NA,NA,NA
"399","MD",2018,21,1,1,0,1,1,1,0,0,NA,NA,NA
"400","ME",2000,22,0,0,0,0,0,1,0,0,NA,NA,NA
"401","ME",2001,22,0,0,0,0,0,1,0,0,NA,NA,NA
"402","ME",2002,22,0,0,0,0,0,1,0,0,NA,NA,NA
"403","ME",2003,22,0,0,0,0,0,1,0,0,NA,NA,NA
"404","ME",2004,22,0,0,0,0,0,1,0,0,NA,NA,NA
"405","ME",2005,22,0,0,0,0,0,1,0,0,NA,NA,NA
"406","ME",2006,22,0,0,0,0,0,1,0,0,NA,NA,NA
"407","ME",2007,22,0,0,0,0,0,1,0,0,NA,NA,NA
"408","ME",2008,22,0,0,0,0,0,1,0,0,NA,NA,NA
"409","ME",2009,22,0,0,0,0,0,1,0,0,NA,NA,NA
"410","ME",2010,22,0,0,0,0,0,1,0,0,NA,NA,NA
"411","ME",2011,22,0,0,0,0,0,1,0,0,NA,NA,NA
"412","ME",2012,22,0,0,0,0,0,1,0,0,NA,NA,NA
"413","ME",2013,22,0,0,1,0,0,1,0,0,NA,NA,NA
"414","ME",2014,22,0,0,1,0,0,1,0,0,NA,NA,NA
"415","ME",2015,22,0,0,1,0,1,1,0,0,NA,NA,NA
"416","ME",2016,22,0,0,0,0,1,1,0,0,NA,NA,NA
"417","ME",2017,22,0,0,0,0,1,1,0,0,NA,NA,NA
"418","ME",2018,22,0,0,0,0,1,1,0,0,NA,NA,NA
"419","MI",2000,23,0,0,0,0,0,0,0,0,NA,NA,NA
"420","MI",2001,23,0,0,0,0,0,0,0,0,NA,NA,NA
"421","MI",2002,23,0,0,0,0,0,0,0,0,NA,NA,NA
"422","MI",2003,23,0,0,0,0,0,0,0,0,NA,NA,NA
"423","MI",2004,23,0,0,0,0,0,0,0,0,NA,NA,NA
"424","MI",2005,23,0,0,0,0,0,0,0,0,NA,NA,NA
"425","MI",2006,23,0,0,0,0,0,0,0,0,NA,NA,NA
"426","MI",2007,23,0,0,0,0,0,0,0,0,NA,NA,NA
"427","MI",2008,23,0,0,0,0,0,0,0,0,NA,NA,NA
"428","MI",2009,23,0,0,0,0,0,0,0,0,NA,NA,NA
"429","MI",2010,23,0,0,0,0,0,0,0,0,NA,NA,NA
"430","MI",2011,23,0,0,0,0,0,0,0,0,NA,NA,NA
"431","MI",2012,23,0,0,0,0,0,0,0,0,NA,NA,NA
"432","MI",2013,23,0,0,0,0,0,0,0,0,NA,NA,NA
"433","MI",2014,23,0,0,0,1,0,0,0,0,NA,NA,NA
"434","MI",2015,23,0,0,0,1,0,0,0,0,NA,NA,NA
"435","MI",2016,23,0,0,0,1,1,0,0,0,NA,NA,NA
"436","MI",2017,23,0,0,0,1,1,0,0,0,NA,NA,NA
"437","MI",2018,23,0,0,0,1,1,0,0,0,NA,NA,NA
"438","MN",2000,24,0,0,0,0,0,1,NA,0,NA,NA,NA
"439","MN",2001,24,0,0,0,0,0,1,NA,0,NA,NA,NA
"440","MN",2002,24,0,0,0,0,0,1,NA,0,NA,NA,NA
"441","MN",2003,24,0,0,0,0,0,1,NA,0,NA,NA,NA
"442","MN",2004,24,0,0,0,0,0,1,NA,0,NA,NA,NA
"443","MN",2005,24,0,0,0,0,0,1,NA,0,NA,NA,NA
"444","MN",2006,24,0,0,0,0,0,1,NA,0,NA,NA,NA
"445","MN",2007,24,0,0,0,0,0,1,NA,0,NA,NA,NA
"446","MN",2008,24,0,0,0,0,0,1,NA,0,NA,NA,NA
"447","MN",2009,24,0,0,0,0,0,1,NA,0,NA,NA,NA
"448","MN",2010,24,0,0,0,0,0,1,NA,0,NA,NA,NA
"449","MN",2011,24,0,0,0,1,0,1,NA,0,NA,NA,NA
"450","MN",2012,24,0,0,0,1,0,1,NA,0,NA,NA,NA
"451","MN",2013,24,0,0,0,1,0,1,NA,0,NA,NA,NA
"452","MN",2014,24,0,1,0,1,0,1,NA,0,NA,NA,NA
"453","MN",2015,24,0,1,0,1,0,1,NA,0,NA,NA,NA
"454","MN",2016,24,0,1,0,1,0,1,NA,0,NA,NA,NA
"455","MN",2017,24,0,1,0,1,1,1,NA,0,NA,NA,NA
"456","MN",2018,24,0,1,0,1,1,1,NA,0,NA,NA,NA
"457","MO",2000,25,0,0,0,0,0,1,0,0,NA,NA,NA
"458","MO",2001,25,0,0,0,0,0,1,0,0,NA,NA,NA
"459","MO",2002,25,0,0,0,0,0,1,0,0,NA,NA,NA
"460","MO",2003,25,0,0,0,0,0,1,0,0,NA,NA,NA
"461","MO",2004,25,0,0,0,0,0,1,0,0,NA,NA,NA
"462","MO",2005,25,0,0,0,0,0,1,0,0,NA,NA,NA
"463","MO",2006,25,0,0,0,0,0,1,0,0,NA,NA,NA
"464","MO",2007,25,0,0,0,0,0,1,0,0,NA,NA,NA
"465","MO",2008,25,0,0,0,0,0,1,0,0,NA,NA,NA
"466","MO",2009,25,0,0,0,0,0,1,0,0,NA,NA,NA
"467","MO",2010,25,0,0,0,0,0,1,0,0,NA,NA,NA
"468","MO",2011,25,0,0,0,0,0,1,0,0,NA,NA,NA
"469","MO",2012,25,0,0,0,0,0,1,0,0,NA,NA,NA
"470","MO",2013,25,0,0,1,0,0,1,0,0,NA,NA,NA
"471","MO",2014,25,0,0,0,0,0,1,0,0,NA,NA,NA
"472","MO",2015,25,0,0,0,0,0,1,0,0,NA,NA,NA
"473","MO",2016,25,0,0,0,0,0,1,0,0,NA,NA,NA
"474","MO",2017,25,0,0,0,0,0,1,0,0,NA,NA,NA
"475","MO",2018,25,0,0,0,0,0,1,0,0,NA,NA,NA
"476","MS",2000,26,0,0,0,0,0,0,0,0,NA,NA,NA
"477","MS",2001,26,0,0,0,0,0,0,0,0,NA,NA,NA
"478","MS",2002,26,0,0,0,0,0,0,0,0,NA,NA,NA
"479","MS",2003,26,0,0,0,0,0,0,0,0,NA,NA,NA
"480","MS",2004,26,0,0,0,0,0,0,0,0,NA,NA,NA
"481","MS",2005,26,0,0,0,0,0,0,0,0,NA,NA,NA
"482","MS",2006,26,0,0,0,0,0,0,0,0,NA,NA,NA
"483","MS",2007,26,0,0,0,0,0,0,0,0,NA,NA,NA
"484","MS",2008,26,0,0,0,0,0,0,0,0,NA,NA,NA
"485","MS",2009,26,0,0,0,0,0,0,0,0,NA,NA,NA
"486","MS",2010,26,0,0,0,0,0,0,0,0,NA,NA,NA
"487","MS",2011,26,0,0,0,0,0,0,0,0,NA,NA,NA
"488","MS",2012,26,0,0,0,0,0,0,0,0,NA,NA,NA
"489","MS",2013,26,0,0,0,0,0,0,0,0,NA,NA,NA
"490","MS",2014,26,0,0,0,0,0,0,0,0,NA,NA,NA
"491","MS",2015,26,0,0,0,0,1,0,0,0,NA,NA,NA
"492","MS",2016,26,0,0,0,0,1,0,0,0,NA,NA,NA
"493","MS",2017,26,0,0,0,0,1,0,0,0,NA,NA,NA
"494","MS",2018,26,0,0,0,0,1,0,0,0,NA,NA,NA
"495","MT",2000,27,0,0,0,0,0,1,0,0,NA,2006,-6
"496","MT",2001,27,0,0,0,0,0,1,0,0,NA,2006,-5
"497","MT",2002,27,0,0,0,0,0,1,0,0,NA,2006,-4
"498","MT",2003,27,0,0,0,0,0,1,0,0,NA,2006,-3
"499","MT",2004,27,0,0,0,0,0,1,0,0,NA,2006,-2
"500","MT",2005,27,0,0,0,0,0,1,0,0,NA,2006,-1
"501","MT",2006,27,0,0,0,0,0,1,1,0,2006,2006,0
"502","MT",2007,27,0,0,0,0,0,1,1,0,NA,2006,1
"503","MT",2008,27,0,0,0,0,0,1,1,0,NA,2006,2
"504","MT",2009,27,0,0,0,0,0,1,1,0,NA,2006,3
"505","MT",2010,27,0,0,0,0,0,1,1,0,NA,2006,4
"506","MT",2011,27,0,0,0,0,0,1,1,0,NA,2006,5
"507","MT",2012,27,0,0,0,0,0,1,1,0,NA,2006,6
"508","MT",2013,27,1,0,0,0,0,1,0,0,NA,2006,7
"509","MT",2014,27,1,0,0,0,0,1,0,0,NA,2006,8
"510","MT",2015,27,1,0,0,0,0,1,0,0,NA,2006,9
"511","MT",2016,27,1,0,0,1,0,1,0,0,NA,2006,10
"512","MT",2017,27,1,0,0,1,1,1,0,0,NA,2006,11
"513","MT",2018,27,1,0,0,1,1,1,0,0,NA,2006,12
"514","NC",2000,28,0,0,0,0,0,1,NA,0,NA,NA,NA
"515","NC",2001,28,0,0,0,0,0,1,NA,0,NA,NA,NA
"516","NC",2002,28,0,0,0,0,0,1,NA,0,NA,NA,NA
"517","NC",2003,28,0,0,0,0,0,1,NA,0,NA,NA,NA
"518","NC",2004,28,0,0,0,0,0,1,NA,0,NA,NA,NA
"519","NC",2005,28,0,0,0,0,0,1,NA,0,NA,NA,NA
"520","NC",2006,28,0,0,0,0,0,1,NA,0,NA,NA,NA
"521","NC",2007,28,0,0,0,0,0,1,NA,0,NA,NA,NA
"522","NC",2008,28,0,0,0,0,0,1,NA,0,NA,NA,NA
"523","NC",2009,28,0,0,0,0,0,1,NA,0,NA,NA,NA
"524","NC",2010,28,0,0,0,0,0,1,NA,0,NA,NA,NA
"525","NC",2011,28,0,0,0,0,0,1,NA,0,NA,NA,NA
"526","NC",2012,28,0,0,0,0,0,1,NA,0,NA,NA,NA
"527","NC",2013,28,0,0,0,0,0,1,NA,0,NA,NA,NA
"528","NC",2014,28,0,0,0,0,0,1,NA,0,NA,NA,NA
"529","NC",2015,28,0,0,0,0,0,1,NA,0,NA,NA,NA
"530","NC",2016,28,0,0,0,0,0,1,NA,0,NA,NA,NA
"531","NC",2017,28,0,0,0,0,0,1,NA,0,NA,NA,NA
"532","NC",2018,28,0,0,0,0,0,1,NA,0,NA,NA,NA
"533","ND",2000,29,0,0,0,0,0,1,NA,0,NA,NA,NA
"534","ND",2001,29,0,0,0,0,0,1,NA,0,NA,NA,NA
"535","ND",2002,29,0,0,0,0,0,1,NA,0,NA,NA,NA
"536","ND",2003,29,0,0,0,0,0,1,NA,0,NA,NA,NA
"537","ND",2004,29,0,0,0,0,0,1,NA,0,NA,NA,NA
"538","ND",2005,29,0,0,0,0,0,1,NA,0,NA,NA,NA
"539","ND",2006,29,0,0,0,0,0,1,NA,0,NA,NA,NA
"540","ND",2007,29,0,0,0,0,0,1,NA,0,NA,NA,NA
"541","ND",2008,29,0,0,0,0,0,1,NA,0,NA,NA,NA
"542","ND",2009,29,0,0,0,0,0,1,NA,0,NA,NA,NA
"543","ND",2010,29,0,0,0,0,0,1,NA,0,NA,NA,NA
"544","ND",2011,29,0,0,0,0,0,1,NA,0,NA,NA,NA
"545","ND",2012,29,0,0,0,0,0,1,NA,0,NA,NA,NA
"546","ND",2013,29,0,0,0,0,0,1,NA,0,NA,NA,NA
"547","ND",2014,29,0,0,0,1,0,1,NA,0,NA,NA,NA
"548","ND",2015,29,0,0,0,1,0,1,NA,0,NA,NA,NA
"549","ND",2016,29,0,0,0,1,0,1,NA,0,NA,NA,NA
"550","ND",2017,29,0,0,0,1,0,1,NA,0,NA,NA,NA
"551","ND",2018,29,0,0,0,1,0,1,NA,0,NA,NA,NA
"552","NE",2000,30,0,0,0,0,0,0,0,0,NA,NA,NA
"553","NE",2001,30,0,0,0,0,0,0,0,0,NA,NA,NA
"554","NE",2002,30,0,0,0,0,0,0,0,0,NA,NA,NA
"555","NE",2003,30,0,0,0,0,0,0,0,0,NA,NA,NA
"556","NE",2004,30,0,0,0,0,0,0,0,0,NA,NA,NA
"557","NE",2005,30,0,0,0,0,0,0,0,0,NA,NA,NA
"558","NE",2006,30,0,0,0,0,0,1,0,0,NA,NA,NA
"559","NE",2007,30,0,0,0,0,0,1,0,0,NA,NA,NA
"560","NE",2008,30,0,0,0,0,0,1,0,0,NA,NA,NA
"561","NE",2009,30,0,0,0,0,0,1,0,0,NA,NA,NA
"562","NE",2010,30,0,0,0,0,0,1,0,0,NA,NA,NA
"563","NE",2011,30,0,0,0,0,0,1,0,0,NA,NA,NA
"564","NE",2012,30,0,0,0,0,0,1,0,0,NA,NA,NA
"565","NE",2013,30,0,0,1,0,0,1,0,0,NA,NA,NA
"566","NE",2014,30,0,0,0,0,0,1,0,0,NA,NA,NA
"567","NE",2015,30,0,0,0,0,0,1,0,0,NA,NA,NA
"568","NE",2016,30,0,0,0,0,1,1,0,0,NA,NA,NA
"569","NE",2017,30,0,0,0,0,1,1,0,0,NA,NA,NA
"570","NE",2018,30,0,0,0,0,1,1,0,0,NA,NA,NA
"571","NH",2000,31,0,0,0,0,0,0,NA,0,NA,NA,NA
"572","NH",2001,31,0,0,0,0,0,0,NA,0,NA,NA,NA
"573","NH",2002,31,0,0,0,0,0,0,NA,0,NA,NA,NA
"574","NH",2003,31,0,0,0,0,0,0,NA,0,NA,NA,NA
"575","NH",2004,31,0,0,0,0,0,0,NA,0,NA,NA,NA
"576","NH",2005,31,0,0,0,0,0,0,NA,0,NA,NA,NA
"577","NH",2006,31,0,0,0,0,0,0,NA,0,NA,NA,NA
"578","NH",2007,31,0,0,0,0,0,0,NA,0,NA,NA,NA
"579","NH",2008,31,0,0,0,0,0,0,NA,0,NA,NA,NA
"580","NH",2009,31,0,0,0,0,0,0,NA,0,NA,NA,NA
"581","NH",2010,31,0,0,0,0,0,0,NA,0,NA,NA,NA
"582","NH",2011,31,0,0,0,0,0,0,NA,0,NA,NA,NA
"583","NH",2012,31,0,0,0,0,0,0,NA,0,NA,NA,NA
"584","NH",2013,31,0,0,1,0,0,0,NA,0,NA,NA,NA
"585","NH",2014,31,0,0,1,0,0,0,NA,0,NA,NA,NA
"586","NH",2015,31,0,0,1,1,0,0,NA,0,NA,NA,NA
"587","NH",2016,31,0,0,0,1,1,0,NA,0,NA,NA,NA
"588","NH",2017,31,0,0,0,1,1,0,NA,0,NA,NA,NA
"589","NH",2018,31,0,0,0,1,1,0,NA,0,NA,NA,NA
"590","NJ",2000,32,0,0,0,0,0,0,0,0,NA,NA,NA
"591","NJ",2001,32,0,0,0,0,0,0,0,0,NA,NA,NA
"592","NJ",2002,32,0,0,0,0,0,0,0,0,NA,NA,NA
"593","NJ",2003,32,0,0,0,0,0,0,0,0,NA,NA,NA
"594","NJ",2004,32,0,0,0,0,0,0,0,0,NA,NA,NA
"595","NJ",2005,32,0,0,0,0,0,0,0,0,NA,NA,NA
"596","NJ",2006,32,0,0,0,0,0,0,0,0,NA,NA,NA
"597","NJ",2007,32,0,0,0,0,0,0,0,0,NA,NA,NA
"598","NJ",2008,32,0,0,0,0,0,0,0,0,NA,NA,NA
"599","NJ",2009,32,0,0,0,0,0,0,0,0,NA,NA,NA
"600","NJ",2010,32,0,0,0,0,0,0,0,0,NA,NA,NA
"601","NJ",2011,32,0,0,0,0,0,0,0,0,NA,NA,NA
"602","NJ",2012,32,0,0,0,0,0,0,0,0,NA,NA,NA
"603","NJ",2013,32,0,0,1,0,0,0,0,0,NA,NA,NA
"604","NJ",2014,32,0,0,1,0,0,0,0,0,NA,NA,NA
"605","NJ",2015,32,0,0,1,0,1,0,0,0,NA,NA,NA
"606","NJ",2016,32,0,0,0,0,1,0,0,0,NA,NA,NA
"607","NJ",2017,32,0,0,0,0,1,0,0,0,NA,NA,NA
"608","NJ",2018,32,0,0,0,0,1,0,0,0,NA,NA,NA
"609","NM",2000,33,0,0,0,0,0,1,0,0,NA,2007,-7
"610","NM",2001,33,0,0,0,0,0,1,0,0,NA,2007,-6
"611","NM",2002,33,0,0,0,0,0,1,0,0,NA,2007,-5
"612","NM",2003,33,0,0,0,0,0,1,0,0,NA,2007,-4
"613","NM",2004,33,0,0,0,0,0,1,0,0,NA,2007,-3
"614","NM",2005,33,0,0,0,0,0,1,0,0,NA,2007,-2
"615","NM",2006,33,0,0,0,0,0,1,0,0,NA,2007,-1
"616","NM",2007,33,0,0,0,0,0,1,1,0,2007,2007,0
"617","NM",2008,33,0,0,0,0,0,1,1,0,NA,2007,1
"618","NM",2009,33,0,0,0,0,0,1,1,0,NA,2007,2
"619","NM",2010,33,0,0,0,0,0,1,1,0,NA,2007,3
"620","NM",2011,33,0,0,0,0,0,1,1,0,NA,2007,4
"621","NM",2012,33,0,0,0,0,0,1,1,0,NA,2007,5
"622","NM",2013,33,0,0,0,0,0,1,1,0,NA,2007,6
"623","NM",2014,33,0,0,0,1,0,1,0,0,NA,2007,7
"624","NM",2015,33,0,0,0,1,1,1,0,0,NA,2007,8
"625","NM",2016,33,0,0,0,1,1,1,0,0,NA,2007,9
"626","NM",2017,33,0,0,0,1,1,1,0,0,NA,2007,10
"627","NM",2018,33,0,0,0,1,1,1,0,0,NA,2007,11
"628","NV",2000,34,0,0,0,0,0,0,0,0,NA,NA,NA
"629","NV",2001,34,0,0,0,0,0,0,0,0,NA,NA,NA
"630","NV",2002,34,0,0,0,0,0,0,0,0,NA,NA,NA
"631","NV",2003,34,0,0,0,0,0,0,0,0,NA,NA,NA
"632","NV",2004,34,0,0,0,0,0,0,0,0,NA,NA,NA
"633","NV",2005,34,0,0,0,0,0,0,0,0,NA,NA,NA
"634","NV",2006,34,0,0,0,0,0,0,0,0,NA,NA,NA
"635","NV",2007,34,0,0,0,0,0,0,0,0,NA,NA,NA
"636","NV",2008,34,0,0,0,0,0,0,0,0,NA,NA,NA
"637","NV",2009,34,0,0,0,0,0,0,0,0,NA,NA,NA
"638","NV",2010,34,0,0,0,0,0,0,0,0,NA,NA,NA
"639","NV",2011,34,0,0,0,0,0,0,0,0,NA,NA,NA
"640","NV",2012,34,0,1,0,0,0,0,0,0,NA,NA,NA
"641","NV",2013,34,0,1,1,0,0,0,0,0,NA,NA,NA
"642","NV",2014,34,0,1,1,1,0,0,0,0,NA,NA,NA
"643","NV",2015,34,0,1,1,1,1,0,0,0,NA,NA,NA
"644","NV",2016,34,0,1,0,1,1,0,0,0,NA,NA,NA
"645","NV",2017,34,0,1,0,1,1,0,0,0,NA,NA,NA
"646","NV",2018,34,0,1,0,1,1,0,0,0,NA,NA,NA
"647","NY",2000,35,0,0,0,0,0,1,0,0,NA,NA,NA
"648","NY",2001,35,0,0,0,0,0,1,0,0,NA,NA,NA
"649","NY",2002,35,0,0,0,0,0,1,0,0,NA,NA,NA
"650","NY",2003,35,0,0,0,0,0,1,0,0,NA,NA,NA
"651","NY",2004,35,0,0,0,0,0,1,0,0,NA,NA,NA
"652","NY",2005,35,0,0,0,0,0,1,0,0,NA,NA,NA
"653","NY",2006,35,0,0,0,0,0,1,0,0,NA,NA,NA
"654","NY",2007,35,0,0,0,0,0,1,0,0,NA,NA,NA
"655","NY",2008,35,0,0,0,0,0,1,0,0,NA,NA,NA
"656","NY",2009,35,0,0,0,0,0,1,0,0,NA,NA,NA
"657","NY",2010,35,0,0,0,0,0,1,0,0,NA,NA,NA
"658","NY",2011,35,0,0,0,0,0,1,0,0,NA,NA,NA
"659","NY",2012,35,0,0,0,0,0,1,0,0,NA,NA,NA
"660","NY",2013,35,0,0,1,0,0,1,0,0,NA,NA,NA
"661","NY",2014,35,0,0,1,1,0,1,0,0,NA,NA,NA
"662","NY",2015,35,1,0,1,1,0,1,0,0,NA,NA,NA
"663","NY",2016,35,1,0,0,1,1,1,0,0,NA,NA,NA
"664","NY",2017,35,1,0,0,1,1,1,0,0,NA,NA,NA
"665","NY",2018,35,1,0,0,1,1,1,0,0,NA,NA,NA
"666","OH",2000,36,0,0,0,0,0,1,0,0,NA,NA,NA
"667","OH",2001,36,0,0,0,0,0,1,0,0,NA,NA,NA
"668","OH",2002,36,0,0,0,0,0,1,0,0,NA,NA,NA
"669","OH",2003,36,0,0,0,0,0,1,0,0,NA,NA,NA
"670","OH",2004,36,0,0,0,0,0,1,0,0,NA,NA,NA
"671","OH",2005,36,0,0,0,0,0,1,0,0,NA,NA,NA
"672","OH",2006,36,0,0,0,0,0,1,0,0,NA,NA,NA
"673","OH",2007,36,0,0,0,0,0,1,0,0,NA,NA,NA
"674","OH",2008,36,0,0,0,0,0,1,0,0,NA,NA,NA
"675","OH",2009,36,0,0,0,0,0,1,0,0,NA,NA,NA
"676","OH",2010,36,0,0,0,0,0,1,0,0,NA,NA,NA
"677","OH",2011,36,0,0,0,0,0,1,0,0,NA,NA,NA
"678","OH",2012,36,0,0,0,0,0,1,0,0,NA,NA,NA
"679","OH",2013,36,0,0,1,0,0,1,0,0,NA,NA,NA
"680","OH",2014,36,0,0,0,1,0,1,0,0,NA,NA,NA
"681","OH",2015,36,0,0,0,1,0,1,0,0,NA,NA,NA
"682","OH",2016,36,0,0,0,1,0,1,0,0,NA,NA,NA
"683","OH",2017,36,0,0,0,1,1,1,0,0,NA,NA,NA
"684","OH",2018,36,0,0,0,1,1,1,0,0,NA,NA,NA
"685","OK",2000,37,0,0,0,0,0,0,NA,0,NA,NA,NA
"686","OK",2001,37,0,0,0,0,0,0,NA,0,NA,NA,NA
"687","OK",2002,37,0,0,0,0,0,0,NA,0,NA,NA,NA
"688","OK",2003,37,0,0,0,0,0,0,NA,0,NA,NA,NA
"689","OK",2004,37,0,0,0,0,0,0,NA,0,NA,NA,NA
"690","OK",2005,37,0,0,0,0,0,0,NA,0,NA,NA,NA
"691","OK",2006,37,0,0,0,0,0,0,NA,0,NA,NA,NA
"692","OK",2007,37,0,0,0,0,0,0,NA,0,NA,NA,NA
"693","OK",2008,37,0,0,0,0,1,0,NA,0,NA,NA,NA
"694","OK",2009,37,0,0,0,0,1,0,NA,0,NA,NA,NA
"695","OK",2010,37,0,0,0,0,1,0,NA,0,NA,NA,NA
"696","OK",2011,37,0,0,0,0,1,0,NA,0,NA,NA,NA
"697","OK",2012,37,0,0,0,0,1,0,NA,0,NA,NA,NA
"698","OK",2013,37,0,0,0,0,1,0,NA,0,NA,NA,NA
"699","OK",2014,37,0,0,0,0,1,0,NA,0,NA,NA,NA
"700","OK",2015,37,0,0,0,0,1,0,NA,0,NA,NA,NA
"701","OK",2016,37,0,0,0,0,1,0,NA,0,NA,NA,NA
"702","OK",2017,37,0,0,0,0,1,0,NA,0,NA,NA,NA
"703","OK",2018,37,0,0,0,0,1,0,NA,0,NA,NA,NA
"704","OR",2000,38,0,0,0,0,0,1,0,0,NA,2001,-1
"705","OR",2001,38,0,0,0,0,0,1,1,0,2001,2001,0
"706","OR",2002,38,0,0,0,0,0,1,1,0,NA,2001,1
"707","OR",2003,38,0,0,0,0,0,1,1,0,NA,2001,2
"708","OR",2004,38,0,0,0,0,0,1,1,1,NA,2001,3
"709","OR",2005,38,0,0,0,0,0,1,1,1,NA,2001,4
"710","OR",2006,38,0,0,0,0,0,1,1,1,NA,2001,5
"711","OR",2007,38,0,0,0,0,0,1,1,1,NA,2001,6
"712","OR",2008,38,0,0,0,0,0,1,1,1,NA,2001,7
"713","OR",2009,38,0,0,0,0,0,1,1,1,NA,2001,8
"714","OR",2010,38,0,0,0,0,0,1,1,1,NA,2001,9
"715","OR",2011,38,0,0,0,0,0,1,1,1,NA,2001,10
"716","OR",2012,38,0,1,0,0,0,1,1,1,NA,2001,11
"717","OR",2013,38,1,1,0,0,0,1,1,1,NA,2001,12
"718","OR",2014,38,1,1,0,1,0,1,1,1,NA,2001,13
"719","OR",2015,38,1,1,0,1,0,1,1,1,NA,2001,14
"720","OR",2016,38,1,1,0,1,1,1,1,1,NA,2001,15
"721","OR",2017,38,1,1,0,1,1,1,1,1,NA,2001,16
"722","OR",2018,38,1,1,0,1,1,1,1,1,NA,2001,17
"723","PA",2000,39,0,0,0,0,0,0,0,0,NA,NA,NA
"724","PA",2001,39,0,0,0,0,0,0,0,0,NA,NA,NA
"725","PA",2002,39,0,0,0,0,0,0,0,0,NA,NA,NA
"726","PA",2003,39,0,0,0,0,0,0,0,0,NA,NA,NA
"727","PA",2004,39,0,0,0,0,0,0,0,0,NA,NA,NA
"728","PA",2005,39,0,0,0,0,0,0,0,0,NA,NA,NA
"729","PA",2006,39,0,0,0,0,0,0,0,0,NA,NA,NA
"730","PA",2007,39,0,0,0,0,0,0,0,0,NA,NA,NA
"731","PA",2008,39,0,0,0,0,0,0,0,0,NA,NA,NA
"732","PA",2009,39,0,0,0,0,0,0,0,0,NA,NA,NA
"733","PA",2010,39,0,0,0,0,0,0,0,0,NA,NA,NA
"734","PA",2011,39,0,0,0,0,0,0,0,0,NA,NA,NA
"735","PA",2012,39,0,0,0,0,0,0,0,0,NA,NA,NA
"736","PA",2013,39,0,0,1,0,0,0,0,0,NA,NA,NA
"737","PA",2014,39,0,0,1,0,0,0,0,0,NA,NA,NA
"738","PA",2015,39,0,0,1,1,0,0,0,0,NA,NA,NA
"739","PA",2016,39,0,0,0,1,0,0,0,0,NA,NA,NA
"740","PA",2017,39,0,0,0,1,1,0,0,0,NA,NA,NA
"741","PA",2018,39,0,0,0,1,1,0,0,0,NA,NA,NA
"742","RI",2000,40,0,0,0,0,0,0,0,0,NA,NA,NA
"743","RI",2001,40,0,0,0,0,0,0,0,0,NA,NA,NA
"744","RI",2002,40,0,0,0,0,0,0,0,0,NA,NA,NA
"745","RI",2003,40,0,0,0,0,0,0,0,0,NA,NA,NA
"746","RI",2004,40,0,0,0,0,0,0,0,0,NA,NA,NA
"747","RI",2005,40,0,0,0,0,0,0,0,0,NA,NA,NA
"748","RI",2006,40,0,0,0,0,0,0,0,0,NA,NA,NA
"749","RI",2007,40,0,0,0,0,0,0,0,0,NA,NA,NA
"750","RI",2008,40,0,0,0,0,0,0,0,0,NA,NA,NA
"751","RI",2009,40,0,0,0,0,0,0,0,0,NA,NA,NA
"752","RI",2010,40,0,0,0,0,0,0,0,0,NA,NA,NA
"753","RI",2011,40,0,0,0,0,0,0,0,0,NA,NA,NA
"754","RI",2012,40,0,0,0,0,0,0,0,0,NA,NA,NA
"755","RI",2013,40,0,0,0,0,0,0,0,0,NA,NA,NA
"756","RI",2014,40,0,0,0,1,0,0,0,0,NA,NA,NA
"757","RI",2015,40,0,0,0,1,0,0,0,0,NA,NA,NA
"758","RI",2016,40,0,0,0,1,0,0,0,0,NA,NA,NA
"759","RI",2017,40,0,0,0,1,1,0,0,0,NA,NA,NA
"760","RI",2018,40,0,0,0,1,1,0,0,0,NA,NA,NA
"761","SC",2000,41,0,0,0,0,0,0,0,0,NA,NA,NA
"762","SC",2001,41,0,0,0,0,0,0,0,0,NA,NA,NA
"763","SC",2002,41,0,0,0,0,0,0,0,0,NA,NA,NA
"764","SC",2003,41,0,0,0,0,0,0,0,0,NA,NA,NA
"765","SC",2004,41,0,0,0,0,0,0,0,0,NA,NA,NA
"766","SC",2005,41,0,0,0,0,0,0,0,0,NA,NA,NA
"767","SC",2006,41,0,0,0,0,0,0,0,0,NA,NA,NA
"768","SC",2007,41,0,0,0,0,0,0,0,0,NA,NA,NA
"769","SC",2008,41,0,0,0,0,0,0,0,0,NA,NA,NA
"770","SC",2009,41,0,0,0,0,0,0,0,0,NA,NA,NA
"771","SC",2010,41,0,0,0,0,0,0,0,0,NA,NA,NA
"772","SC",2011,41,0,0,0,0,0,0,0,0,NA,NA,NA
"773","SC",2012,41,0,0,0,0,0,0,0,0,NA,NA,NA
"774","SC",2013,41,0,0,0,0,0,0,0,0,NA,NA,NA
"775","SC",2014,41,0,0,0,0,0,0,0,0,NA,NA,NA
"776","SC",2015,41,0,0,0,0,0,0,0,0,NA,NA,NA
"777","SC",2016,41,0,0,0,0,0,0,0,0,NA,NA,NA
"778","SC",2017,41,0,0,0,0,0,0,0,0,NA,NA,NA
"779","SC",2018,41,0,0,0,0,0,0,0,0,NA,NA,NA
"780","SD",2000,42,0,0,0,0,0,0,NA,0,NA,NA,NA
"781","SD",2001,42,0,0,0,0,0,0,NA,0,NA,NA,NA
"782","SD",2002,42,0,0,0,0,0,0,NA,0,NA,NA,NA
"783","SD",2003,42,0,0,0,0,0,0,NA,0,NA,NA,NA
"784","SD",2004,42,0,0,0,0,0,0,NA,0,NA,NA,NA
"785","SD",2005,42,0,0,0,0,0,0,NA,0,NA,NA,NA
"786","SD",2006,42,0,0,0,0,0,0,NA,0,NA,NA,NA
"787","SD",2007,42,0,0,0,0,0,0,NA,0,NA,NA,NA
"788","SD",2008,42,0,0,0,0,0,0,NA,0,NA,NA,NA
"789","SD",2009,42,0,0,0,0,0,0,NA,0,NA,NA,NA
"790","SD",2010,42,0,0,0,0,0,0,NA,0,NA,NA,NA
"791","SD",2011,42,0,0,0,0,0,0,NA,0,NA,NA,NA
"792","SD",2012,42,0,0,0,0,0,0,NA,0,NA,NA,NA
"793","SD",2013,42,0,0,0,0,0,0,NA,0,NA,NA,NA
"794","SD",2014,42,0,0,0,0,0,0,NA,0,NA,NA,NA
"795","SD",2015,42,0,0,0,0,0,0,NA,0,NA,NA,NA
"796","SD",2016,42,0,0,0,0,0,0,NA,0,NA,NA,NA
"797","SD",2017,42,0,0,0,0,0,0,NA,0,NA,NA,NA
"798","SD",2018,42,0,0,0,0,0,0,NA,0,NA,NA,NA
"799","TN",2000,43,0,0,0,0,0,0,0,0,NA,NA,NA
"800","TN",2001,43,0,0,0,0,0,0,0,0,NA,NA,NA
"801","TN",2002,43,0,0,0,0,0,0,0,0,NA,NA,NA
"802","TN",2003,43,0,0,0,0,0,0,0,0,NA,NA,NA
"803","TN",2004,43,0,0,0,0,0,0,0,0,NA,NA,NA
"804","TN",2005,43,0,0,0,0,0,0,0,0,NA,NA,NA
"805","TN",2006,43,0,0,0,0,0,0,0,0,NA,NA,NA
"806","TN",2007,43,0,0,0,0,0,0,0,0,NA,NA,NA
"807","TN",2008,43,0,0,0,0,0,0,0,0,NA,NA,NA
"808","TN",2009,43,0,0,0,0,0,0,0,0,NA,NA,NA
"809","TN",2010,43,0,0,0,0,0,0,0,0,NA,NA,NA
"810","TN",2011,43,0,0,0,0,0,0,0,0,NA,NA,NA
"811","TN",2012,43,0,0,0,0,0,0,0,0,NA,NA,NA
"812","TN",2013,43,0,0,0,0,0,0,0,0,NA,NA,NA
"813","TN",2014,43,0,0,0,0,0,0,0,0,NA,NA,NA
"814","TN",2015,43,0,0,0,0,0,0,0,0,NA,NA,NA
"815","TN",2016,43,0,0,0,0,0,0,0,0,NA,NA,NA
"816","TN",2017,43,0,0,0,0,0,0,0,0,NA,NA,NA
"817","TN",2018,43,0,0,0,0,0,0,0,0,NA,NA,NA
"818","TX",2000,44,0,0,0,0,0,0,0,0,NA,NA,NA
"819","TX",2001,44,0,0,0,0,0,0,0,0,NA,NA,NA
"820","TX",2002,44,0,0,0,0,0,0,0,0,NA,NA,NA
"821","TX",2003,44,0,0,0,0,0,0,0,0,NA,NA,NA
"822","TX",2004,44,0,0,0,0,0,0,0,0,NA,NA,NA
"823","TX",2005,44,0,0,0,0,0,0,0,0,NA,NA,NA
"824","TX",2006,44,0,0,0,0,0,0,0,0,NA,NA,NA
"825","TX",2007,44,0,0,0,0,0,0,0,0,NA,NA,NA
"826","TX",2008,44,0,0,0,0,0,0,0,0,NA,NA,NA
"827","TX",2009,44,0,0,0,0,0,0,0,0,NA,NA,NA
"828","TX",2010,44,0,0,0,0,0,0,0,0,NA,NA,NA
"829","TX",2011,44,0,0,0,0,0,0,0,0,NA,NA,NA
"830","TX",2012,44,0,0,0,0,0,0,0,0,NA,NA,NA
"831","TX",2013,44,0,0,1,0,0,0,0,0,NA,NA,NA
"832","TX",2014,44,0,0,1,0,0,0,0,0,NA,NA,NA
"833","TX",2015,44,1,0,1,0,0,0,0,0,NA,NA,NA
"834","TX",2016,44,1,0,0,0,0,0,0,0,NA,NA,NA
"835","TX",2017,44,1,0,0,0,1,0,0,0,NA,NA,NA
"836","TX",2018,44,1,0,0,0,1,0,0,0,NA,NA,NA
"837","UT",2000,45,0,0,0,0,0,1,0,0,NA,NA,NA
"838","UT",2001,45,0,0,0,0,0,1,0,0,NA,NA,NA
"839","UT",2002,45,0,0,0,0,0,1,0,0,NA,NA,NA
"840","UT",2003,45,0,0,0,0,0,1,0,0,NA,NA,NA
"841","UT",2004,45,0,0,0,0,0,1,0,0,NA,NA,NA
"842","UT",2005,45,0,0,0,0,0,1,0,0,NA,NA,NA
"843","UT",2006,45,0,0,0,0,0,1,0,0,NA,NA,NA
"844","UT",2007,45,0,0,0,0,0,1,0,0,NA,NA,NA
"845","UT",2008,45,0,0,0,0,0,1,0,0,NA,NA,NA
"846","UT",2009,45,0,0,0,0,0,1,0,0,NA,NA,NA
"847","UT",2010,45,0,0,0,0,0,1,0,0,NA,NA,NA
"848","UT",2011,45,0,0,0,0,0,1,0,0,NA,NA,NA
"849","UT",2012,45,0,0,0,0,0,1,0,0,NA,NA,NA
"850","UT",2013,45,0,0,0,0,0,1,0,0,NA,NA,NA
"851","UT",2014,45,0,0,0,0,0,1,0,0,NA,NA,NA
"852","UT",2015,45,0,0,0,0,0,1,0,0,NA,NA,NA
"853","UT",2016,45,0,0,0,0,1,1,0,0,NA,NA,NA
"854","UT",2017,45,0,0,0,0,1,1,0,0,NA,NA,NA
"855","UT",2018,45,0,0,0,0,1,1,0,0,NA,NA,NA
"856","VA",2000,46,0,0,0,0,0,1,0,0,NA,NA,NA
"857","VA",2001,46,0,0,0,0,0,1,0,0,NA,NA,NA
"858","VA",2002,46,0,0,0,0,0,1,0,0,NA,NA,NA
"859","VA",2003,46,0,0,0,0,0,1,0,0,NA,NA,NA
"860","VA",2004,46,0,0,0,0,0,1,0,0,NA,NA,NA
"861","VA",2005,46,0,0,0,0,0,1,0,0,NA,NA,NA
"862","VA",2006,46,0,0,0,0,0,1,0,0,NA,NA,NA
"863","VA",2007,46,0,0,0,0,0,1,0,0,NA,NA,NA
"864","VA",2008,46,0,0,0,0,0,1,0,0,NA,NA,NA
"865","VA",2009,46,0,0,0,0,0,1,0,0,NA,NA,NA
"866","VA",2010,46,0,0,0,0,0,1,0,0,NA,NA,NA
"867","VA",2011,46,0,0,0,0,0,1,0,0,NA,NA,NA
"868","VA",2012,46,0,0,0,0,0,1,0,0,NA,NA,NA
"869","VA",2013,46,0,0,0,0,0,1,0,0,NA,NA,NA
"870","VA",2014,46,0,0,0,0,0,1,0,0,NA,NA,NA
"871","VA",2015,46,0,0,0,0,1,1,0,0,NA,NA,NA
"872","VA",2016,46,0,0,0,0,1,1,0,0,NA,NA,NA
"873","VA",2017,46,0,0,0,0,1,1,0,0,NA,NA,NA
"874","VA",2018,46,0,0,0,0,1,1,0,0,NA,NA,NA
"875","VT",2000,47,0,0,0,0,0,0,0,0,NA,2006,-6
"876","VT",2001,47,0,0,0,0,0,0,0,0,NA,2006,-5
"877","VT",2002,47,0,0,0,0,0,0,0,0,NA,2006,-4
"878","VT",2003,47,0,0,0,0,0,0,0,0,NA,2006,-3
"879","VT",2004,47,0,0,0,0,0,0,0,0,NA,2006,-2
"880","VT",2005,47,0,0,0,0,0,0,0,0,NA,2006,-1
"881","VT",2006,47,0,0,0,0,0,0,1,0,2006,2006,0
"882","VT",2007,47,0,0,0,0,0,0,1,0,NA,2006,1
"883","VT",2008,47,0,0,0,0,0,0,1,0,NA,2006,2
"884","VT",2009,47,0,0,0,0,0,0,1,0,NA,2006,3
"885","VT",2010,47,0,0,0,0,0,0,1,0,NA,2006,4
"886","VT",2011,47,0,0,0,0,0,0,1,0,NA,2006,5
"887","VT",2012,47,0,0,0,0,0,0,1,0,NA,2006,6
"888","VT",2013,47,0,0,0,0,0,0,1,0,NA,2006,7
"889","VT",2014,47,0,0,0,1,0,0,1,0,NA,2006,8
"890","VT",2015,47,0,0,0,1,0,0,0,0,NA,2006,9
"891","VT",2016,47,0,0,0,1,0,0,0,0,NA,2006,10
"892","VT",2017,47,0,0,0,1,0,0,0,0,NA,2006,11
"893","VT",2018,47,0,0,0,1,0,0,0,0,NA,2006,12
"894","WA",2000,48,0,0,0,0,0,0,0,0,NA,NA,NA
"895","WA",2001,48,0,0,0,0,0,0,0,0,NA,NA,NA
"896","WA",2002,48,0,0,0,0,0,0,0,0,NA,NA,NA
"897","WA",2003,48,0,0,0,0,0,0,0,0,NA,NA,NA
"898","WA",2004,48,0,0,0,0,0,0,0,0,NA,NA,NA
"899","WA",2005,48,0,0,0,0,0,0,0,0,NA,NA,NA
"900","WA",2006,48,0,0,0,0,0,0,0,0,NA,NA,NA
"901","WA",2007,48,0,0,0,0,0,0,0,0,NA,NA,NA
"902","WA",2008,48,0,0,0,0,0,0,0,0,NA,NA,NA
"903","WA",2009,48,0,0,0,0,0,0,0,0,NA,NA,NA
"904","WA",2010,48,0,0,0,0,0,0,0,0,NA,NA,NA
"905","WA",2011,48,0,0,0,1,0,0,0,0,NA,NA,NA
"906","WA",2012,48,0,1,0,1,0,0,0,0,NA,NA,NA
"907","WA",2013,48,0,1,0,1,0,0,0,0,NA,NA,NA
"908","WA",2014,48,0,1,0,1,0,0,0,0,NA,NA,NA
"909","WA",2015,48,1,1,0,1,0,0,0,0,NA,NA,NA
"910","WA",2016,48,1,1,0,1,1,0,0,0,NA,NA,NA
"911","WA",2017,48,1,1,0,1,1,0,0,0,NA,NA,NA
"912","WA",2018,48,1,1,0,1,1,0,0,0,NA,NA,NA
"913","WI",2000,49,0,0,0,0,0,1,0,0,NA,NA,NA
"914","WI",2001,49,0,0,0,0,0,1,0,0,NA,NA,NA
"915","WI",2002,49,0,0,0,0,0,1,0,0,NA,NA,NA
"916","WI",2003,49,0,0,0,0,0,1,0,0,NA,NA,NA
"917","WI",2004,49,0,0,0,0,0,1,0,0,NA,NA,NA
"918","WI",2005,49,0,0,0,0,0,1,0,0,NA,NA,NA
"919","WI",2006,49,0,0,0,0,0,1,0,0,NA,NA,NA
"920","WI",2007,49,0,0,0,0,0,1,0,0,NA,NA,NA
"921","WI",2008,49,0,0,0,0,0,1,0,0,NA,NA,NA
"922","WI",2009,49,0,0,0,0,0,1,0,0,NA,NA,NA
"923","WI",2010,49,0,0,0,0,0,1,0,0,NA,NA,NA
"924","WI",2011,49,0,0,0,0,0,1,0,0,NA,NA,NA
"925","WI",2012,49,0,1,0,0,0,1,0,0,NA,NA,NA
"926","WI",2013,49,0,1,0,0,0,1,0,0,NA,NA,NA
"927","WI",2014,49,0,1,0,0,0,1,0,0,NA,NA,NA
"928","WI",2015,49,0,1,0,0,0,1,0,0,NA,NA,NA
"929","WI",2016,49,0,1,0,0,0,1,0,0,NA,NA,NA
"930","WI",2017,49,0,1,0,0,0,1,0,0,NA,NA,NA
"931","WI",2018,49,0,1,0,0,0,1,0,0,NA,NA,NA
"932","WV",2000,50,0,0,0,0,0,1,0,0,NA,NA,NA
"933","WV",2001,50,0,0,0,0,0,1,0,0,NA,NA,NA
"934","WV",2002,50,0,0,0,0,0,1,0,0,NA,NA,NA
"935","WV",2003,50,0,0,0,0,0,1,0,0,NA,NA,NA
"936","WV",2004,50,0,0,0,0,0,1,0,0,NA,NA,NA
"937","WV",2005,50,0,0,0,0,0,1,0,0,NA,NA,NA
"938","WV",2006,50,0,0,0,0,0,1,0,0,NA,NA,NA
"939","WV",2007,50,0,0,0,0,0,1,0,0,NA,NA,NA
"940","WV",2008,50,0,0,0,0,0,1,0,0,NA,NA,NA
"941","WV",2009,50,0,0,0,0,0,1,0,0,NA,NA,NA
"942","WV",2010,50,0,0,0,0,0,1,0,0,NA,NA,NA
"943","WV",2011,50,0,0,0,0,0,1,0,0,NA,NA,NA
"944","WV",2012,50,0,0,0,0,0,1,0,0,NA,NA,NA
"945","WV",2013,50,0,0,0,0,0,1,0,0,NA,NA,NA
"946","WV",2014,50,0,0,0,1,0,1,0,0,NA,NA,NA
"947","WV",2015,50,0,0,0,1,1,1,0,0,NA,NA,NA
"948","WV",2016,50,0,0,0,1,1,1,0,0,NA,NA,NA
"949","WV",2017,50,0,0,0,1,1,1,0,0,NA,NA,NA
"950","WV",2018,50,0,0,0,1,1,1,0,0,NA,NA,NA
"951","WY",2000,51,0,0,0,0,0,0,0,0,NA,NA,NA
"952","WY",2001,51,0,0,0,0,0,0,0,0,NA,NA,NA
"953","WY",2002,51,0,0,0,0,0,0,0,0,NA,NA,NA
"954","WY",2003,51,0,0,0,0,0,0,0,0,NA,NA,NA
"955","WY",2004,51,0,0,0,0,0,0,0,0,NA,NA,NA
"956","WY",2005,51,0,0,0,0,0,0,0,0,NA,NA,NA
"957","WY",2006,51,0,0,0,0,0,0,0,0,NA,NA,NA
"958","WY",2007,51,0,0,0,0,0,0,0,0,NA,NA,NA
"959","WY",2008,51,0,0,0,0,0,0,0,0,NA,NA,NA
"960","WY",2009,51,0,0,0,0,0,0,0,0,NA,NA,NA
"961","WY",2010,51,0,0,0,0,0,0,0,0,NA,NA,NA
"962","WY",2011,51,0,0,0,0,0,0,0,0,NA,NA,NA
"963","WY",2012,51,0,0,0,0,0,0,0,0,NA,NA,NA
"964","WY",2013,51,0,0,0,0,0,0,0,0,NA,NA,NA
"965","WY",2014,51,0,0,0,0,0,0,0,0,NA,NA,NA
"966","WY",2015,51,0,0,0,0,0,0,0,0,NA,NA,NA
"967","WY",2016,51,0,0,0,0,1,0,0,0,NA,NA,NA
"968","WY",2017,51,0,0,0,0,1,0,0,0,NA,NA,NA
"969","WY",2018,51,0,0,0,0,1,0,0,0,NA,NA,NA
